Comment,Designator,Footprint,LCSC Part #
0.1uF,C8 C9 C10 C21,0805-NO,
2.2nF,C32 C33,0805-NO,
2.2uF,C22 C23,0805-NO,
4.7K,R12 R13 R14,R0805,
4.7uF,C4 C5,0805-NO,
5.1K,R9 R10,R0805,
6N137S,6N137S,8-SMD,
10,R18,R0805,
10k,R5 R7,R0805,
10uF,C11,0805-NO,
10uF,C28 C29 C30 C31,PANASONIC_C,
33,R17,R0805,
100k,R1 R6,R0805,
220,R15,R0805,
470,R16 R19 R20,R0805,
500ASSP1SM6QE,POWER,SW_500ASSP1SM6QE,
19269,AUDIO_CONN MIDI_IN_CONN MIDI_OUT_CONN,4UCONN_19269,
CH340C,U6,SO016,
CSP-USC16-TR,J1,VALCON_CSP-USC16-TR,
EGF1A,D2,DIOM449X264X300L114X135N,
ESP32-S3-WROOM-2-N32R8V,U1,XCVR_ESP32-S3-WROOM-2-N32R8V,
FH12-40S-0.5SH,X2,FH12-40S-0.5SH,
LD29150DT33R,U2,DPAK456P972X240-3N,
MBT3904DW1T1G,RESET,SOT236,
PCM5101APW,U3,PW20_TEX,
TSM-106-02-L-DH-A,J3,SAMTEC_TSM-106-02-L-DH-A,
USB-A-S-X-X-SM2,USBKB,SAMTEC_USB-A-S-X-X-SM2,
